timestamp,amplitude,label
0.0262,29.5296,1
0.0401,26.4197,1
0.0629,27.0185,1
0.0796,24.4131,1
0.0948,28.6356,1
0.1205,26.9258,1
0.1275,31.4006,1
0.1354,29.0000,1
0.1414,32.7567,1
0.1467,29.6816,1
0.1527,28.6356,1
0.8532,3.0000,1
1.7389,22.4722,1
1.7787,25.4951,1
1.8144,28.4605,1
2.4391,1.4142,1
2.4675,3.0000,1
2.8673,3.6056,1
3.3249,9.4340,1
3.3540,4.4721,1
3.3821,3.1623,1
3.9352,1.0000,1
3.9657,6.3246,1
4.0410,4.1231,1
4.1474,3.1623,1
4.7030,5.0000,1
5.3320,26.3059,1
5.3698,29.1548,1
5.4058,28.2843,1
5.4425,29.0172,1
5.7275,6.7082,1
5.8456,31.3050,1
5.8832,26.4197,1
5.9215,27.5862,1
5.9542,26.4764,1
5.9882,26.9072,1
6.1105,31.4006,1
6.7563,1.4142,1
7.7610,2.2361,1
8.2383,2.0000,1
8.4293,28.2843,1
8.8072,26.6271,1
8.8433,30.4631,1
9.9251,6.4031,1
9.9541,2.0000,1
10.0960,7.0711,1
10.1350,5.3852,1
10.1631,10.0000,1
11.0254,9.4340,1
12.0972,28.8617,1
12.1288,27.8029,1
12.1586,23.5372,1
12.3494,28.1780,1
12.5631,3.1623,1
12.5934,3.1623,1
13.1065,26.4008,1
13.1591,24.1868,1
13.1901,22.6274,1
13.2204,22.8035,1
13.2570,23.4094,1
13.7163,10.2956,1
13.7635,11.3137,1
13.7902,6.7082,1
13.8740,5.0000,1
13.9059,10.0499,1
13.9347,9.4340,1
13.9653,3.0000,1
14.0130,10.1980,1
14.0545,1.4142,1
14.0832,4.0000,1
15.5492,5.0000,1
15.5784,1.0000,1
15.6540,2.8284,1
15.7598,1.4142,1
15.7893,1.4142,1
16.3919,23.6008,1
16.4218,24.0416,1
16.4557,25.0799,1
16.4953,25.8070,1
16.6501,25.0000,1
16.7246,24.6982,1
16.7894,21.5407,1
16.8591,25.2982,1
16.8952,25.0000,1
16.9246,21.1896,1
16.9946,23.3452,1
17.0589,23.7697,1
17.0879,23.4094,1
17.2973,27.0740,1
17.3334,29.1548,1
17.3945,30.5287,1
17.4307,30.2324,1
17.4969,28.4605,1
17.5359,26.0768,1
17.6122,28.3019,1
17.6694,27.6586,1
17.7184,29.1548,1
17.9458,3.6056,1
18.0126,24.1661,1
18.0451,27.6586,1
18.1559,25.9615,1
18.1926,29.0172,1
18.2531,25.0599,1
18.3286,27.7308,1
18.3695,7.8102,1
18.3996,4.0000,1
18.4306,27.6586,1
19.8615,2.0000,1
21.4225,2.8284,1
21.5719,2.8284,1
23.6906,27.2947,1
23.7348,28.0000,1
24.0997,10.0000,1
24.1737,23.4307,1
24.2088,26.0192,1
24.3926,24.3516,1
24.4274,24.2074,1
25.5681,4.4721,1
25.5983,5.0000,1
25.6289,7.8102,1
25.6750,1.0000,1
25.7522,7.0711,1
25.9772,6.7082,1
26.0902,10.6301,1
26.1550,7.2111,1
26.3349,7.8102,1
26.7346,28.6356,1
26.7720,27.0740,1
26.8093,24.0416,1
26.8732,26.8701,1
26.9089,24.6982,1
26.9666,27.6586,1
27.0087,27.8568,1
27.0833,29.4109,1
27.1683,5.3852,1
27.2758,1.4142,1
27.3804,1.0000,1
29.8819,3.0000,1
30.1802,10.8167,1
30.2102,5.0000,1
30.2569,10.2956,1
30.3091,26.6271,1
30.3433,28.0179,1
30.5410,30.5941,1
30.5774,30.4138,1
30.7576,27.5136,1
30.7955,31.9531,1
30.8311,31.3209,1
31.4803,4.1231,1
31.5085,4.4721,1
31.5901,2.2361,1
31.6471,11.6619,1
32.3641,24.0208,1
32.4239,28.2843,1
32.9089,6.4031,1
33.0817,2.0000,1
33.1113,4.1231,1
33.1859,3.0000,1
33.2150,2.2361,1
34.3854,8.9443,1
34.5673,10.8167,1
34.9938,8.5440,1
35.1122,5.3852,1
35.1709,19.6469,1
35.2337,5.0990,1
35.3091,22.6274,1
35.3469,2.2361,1
35.4280,27.6586,1
35.5883,1.0000,1
35.6188,1.4142,1
35.9411,20.6155,1
35.9789,29.7321,1
36.1407,3.6056,1
36.2175,1.4142,1
36.4514,28.1780,1
36.4869,29.4279,1
36.9747,32.0156,1
37.0161,29.0172,1
37.0528,29.4109,1
37.3628,13.0384,1
37.4911,24.2074,1
37.5326,26.9072,1
37.5703,26.3059,1
37.7611,15.5242,1
37.9977,27.2029,1
38.5022,27.0185,1
38.6336,8.0000,1
39.0168,31.3050,1
39.0535,32.2490,1
39.3494,12.5300,1
39.5262,26.2488,1
39.5670,27.2029,1
40.0423,31.7648,1
40.0822,27.8029,1
40.5530,26.0768,1
40.7712,26.4764,1
41.0637,31.9061,1
41.1095,27.2947,1
41.3930,7.6158,1
41.4132,2.0000,1
41.4983,6.0828,1
42.0879,26.1725,1
42.1184,26.4008,1
42.2479,7.0711,1
42.3251,30.4631,1
42.6009,29.5466,1
42.7761,5.0000,1
42.8324,30.3645,1
44.5891,7.2111,1
45.4437,8.2462,1
46.1812,31.1448,1
46.2297,31.0161,1
47.1999,5.0000,1
47.4583,5.3852,1
48.2353,22.2036,1
48.2686,24.3516,1
48.3056,23.6008,1
48.3411,24.6982,1
48.3753,25.0799,1
48.7415,27.2947,1
48.7797,29.5296,1
49.0420,6.7082,1
49.2564,28.4253,1
49.2915,30.0167,1
49.3281,31.3050,1
49.3619,29.8329,1
49.7680,29.1204,1
49.8078,31.9061,1
50.0114,28.0179,1
50.0656,30.8058,1
50.1254,27.6586,1
50.3999,3.1623,1
50.5027,1.4142,1
50.5323,2.2361,1
52.9917,8.6023,1
53.1139,3.6056,1
53.5895,2.2361,1
53.8384,3.1623,1
54.4742,21.9317,1
54.5094,26.4197,1
54.6030,6.4031,1
54.6329,4.2426,1
54.7024,9.0554,1
54.9923,25.9615,1
55.1593,8.4853,1
55.2257,22.6716,1
56.3079,2.2361,1
56.3368,3.6056,1
56.4162,2.0000,1
56.4459,2.8284,1
56.5314,27.2029,1
56.5718,29.1548,1
56.6028,29.0689,1
56.6350,29.5296,1
56.7106,27.2029,1
56.7737,28.3196,1
56.8055,26.9258,1
56.8459,27.7308,1
57.0184,12.8062,1
57.0868,7.8102,1
57.1147,7.2801,1
57.1719,7.6158,1
57.2042,11.6619,1
58.9221,1.4142,1
59.1393,12.5300,1
59.4211,5.8310,1
59.4504,7.2111,1
59.8093,11.3137,1
60.4137,2.0000,1
60.4429,1.0000,1
60.5179,5.0990,1
60.5596,24.7386,1
60.5909,26.9258,1
60.6255,26.4008,1
60.6565,26.5707,1
60.7810,29.0689,1
60.8114,25.0799,1
61.0332,25.9422,1
61.2649,25.8070,1
62.0108,1.0000,1
62.1205,2.0000,1
64.3677,3.1623,1
64.6162,26.9072,1
64.8323,1.0000,1
66.2216,2.0000,1
66.5623,17.0000,1
66.6660,24.4131,1
67.1858,27.2029,1
67.4113,24.6982,1
67.9220,1.0000,1
67.9509,3.0000,1
68.4335,27.0185,1
68.5234,27.7849,1
68.5860,24.6982,1
68.6782,28.2312,1
68.7520,26.4008,1
68.8424,27.1662,1
68.9196,24.0832,1
69.0710,26.6833,1
69.1596,28.6531,1
69.2308,27.2947,1
69.4151,26.8328,1
69.4955,28.0179,1
69.6080,26.6271,1
70.0221,23.4094,1
70.0824,31.3847,1
70.1326,29.5296,1
70.5322,10.4403,1
70.5622,3.0000,1
70.7301,29.0172,1
70.7842,30.4795,1
70.8392,28.1603,1
71.1629,24.1868,1
71.2785,26.9258,1
72.0245,2.2361,1
72.0539,3.1623,1
72.1276,2.2361,1
72.8017,25.4951,1
72.8322,24.8395,1
73.0713,27.2029,1
73.3185,29.0689,1
73.3567,29.1548,1
73.4224,27.8927,1
73.4528,26.0768,1
73.6585,26.9072,1
73.7264,2.2361,1
73.7856,4.1231,1
73.8155,1.4142,1
74.4657,6.0828,1
74.8625,26.8328,1
74.8934,30.4138,1
74.9259,30.4138,1
75.0596,28.6356,1
75.1865,4.4721,1
75.4651,25.6320,1
75.5050,27.8029,1
75.5684,26.4008,1
75.6062,23.7697,1
75.6743,26.6271,1
75.7266,27.0185,1
75.7899,25.9422,1
75.8859,25.3180,1
75.9395,29.0000,1
75.9979,29.5466,1
77.3227,3.6056,1
78.0393,4.1231,1
79.4299,1.4142,1
79.4646,29.0689,1
79.5337,7.8102,1
79.5630,1.0000,1
79.6010,27.0740,1
79.6369,29.4109,1
79.8488,27.8927,1
80.6519,28.3196,1
80.6848,30.2655,1
80.7172,30.8058,1
80.7548,28.2843,1
80.7911,28.6356,1
80.8710,31.6228,1
80.9073,28.0179,1
80.9406,31.3209,1
80.9883,31.4006,1
81.0208,29.8329,1
81.1057,27.2029,1
81.1960,29.4279,1
81.2280,27.0000,1
81.2993,30.1496,1
81.5336,32.5576,1
81.5871,28.6007,1
81.6400,29.8329,1
82.1384,1.4142,1
82.1686,1.0000,1
82.2448,1.4142,1
82.2748,2.0000,1
82.3039,3.1623,1
83.2541,27.7308,1
83.2894,27.8029,1
83.3399,27.7308,1
83.6310,4.1231,1
83.6608,5.0000,1
83.7364,3.1623,1
83.7663,4.1231,1
85.3063,27.4591,1
85.3421,25.8070,1
85.3806,25.9422,1
85.5058,28.6531,1
85.7187,30.0000,1
85.7505,25.0200,1
85.7856,25.4951,1
85.8211,29.6985,1
86.3273,29.8329,1
86.4040,32.0156,1
86.4385,26.3059,1
86.4855,26.1725,1
86.5195,25.2982,1
86.5996,26.0768,1
86.6379,30.0832,1
86.7403,25.4951,1
86.7789,31.3050,1
86.8769,31.0644,1
86.9127,31.3847,1
86.9477,30.4795,1
86.9883,28.4253,1
87.0294,28.3196,1
87.0658,27.5862,1
87.1012,25.0000,1
87.1395,23.7697,1
87.1833,29.1204,1
87.4384,29.0689,1
87.4755,25.6320,1
87.5107,25.2982,1
87.5434,28.1603,1
87.7322,8.5440,1
88.0495,4.2426,1
88.0793,3.1623,1
89.5389,1.0000,1
89.5684,2.0000,1
89.6458,1.4142,1
91.0329,2.2361,1
91.1410,2.0000,1
91.2428,29.5296,1
91.2791,31.0000,1
91.7677,27.1662,1
91.7994,28.0179,1
91.8354,27.1662,1
92.2677,26.4764,1
92.2997,26.2488,1
92.3700,28.1603,1
92.7780,30.2655,1
92.8090,26.8701,1
92.8469,28.7924,1
92.8807,24.0416,1
93.4825,2.2361,1
93.6440,3.1623,1
93.7971,25.1794,1
93.8417,26.8328,1
93.8790,30.5941,1
93.9140,30.4138,1
93.9478,27.5136,1
94.0819,31.1127,1
94.8182,27.7849,1
94.8574,26.8328,1
94.8944,32.0156,1
95.2427,2.0000,1
95.3436,3.0000,1
95.3736,6.4031,1
95.4501,3.6056,1
96.8371,1.4142,1
96.8663,3.1623,1
97.1277,22.4722,1
97.1862,20.3961,1
97.2647,23.0868,1
97.3934,26.3059,1
97.4249,26.0768,1
97.4609,29.5296,1
97.4962,26.8701,1
97.8972,30.0167,1
97.9283,26.9072,1
98.1375,30.3645,1
98.6715,10.1980,1
98.7841,16.7631,1
99.4457,1.4142,1
99.4748,2.0000,1
99.6591,1.0000,1
99.9383,28.1603,1
99.9801,29.1204,1
101.0455,2.2361,1
101.1509,1.4142,1
101.1805,2.2361,1
101.6952,4.1231,1
101.9020,5.3852,1
102.6409,2.2361,1
102.6717,5.8310,1
103.5346,26.9258,1
103.5690,27.4591,1
103.6066,31.0644,1
103.7317,29.1548,1
103.9321,30.2655,1
103.9678,32.0156,1
104.0389,29.6142,1
104.0713,26.0768,1
104.6996,7.8102,1
105.2507,5.0000,1
105.2807,3.6056,1
105.3565,5.3852,1
107.7540,7.2801,1
108.4784,1.0000,1
108.5085,5.0000,1
108.5554,3.6056,1
108.5846,2.2361,1
109.4646,25.0799,1
109.6887,28.2843,1
109.7235,29.2062,1
109.7604,25.7099,1
109.7945,24.7588,1
109.8761,25.6125,1
110.1174,25.9615,1
110.1562,26.4008,1
110.4972,6.7082,1
111.0344,3.1623,1
111.0648,6.0000,1
111.2690,2.8284,1
112.1961,3.1623,1
112.3642,14.1421,1
112.3947,12.0416,1
114.9290,15.2971,1
115.8101,25.0799,1
115.8447,27.0185,1
116.3314,29.0172,1
116.6317,29.5466,1
116.6850,28.7924,1
116.9667,3.1623,1
116.9968,2.2361,1
117.0729,1.0000,1
117.1022,1.0000,1
117.9858,8.0623,1
118.4618,3.0000,1
118.4913,4.1231,1
118.5685,1.0000,1
118.6744,5.0000,1
